point_index,turbine_id,latitude_deg,longitude_deg,elevation_m,x_m,y_m,z_m,hub_height_m,rotor_diameter_m,hub_y_m,rotor_top_y_m,manufacturer,model,rated_power_mw,registry_total_height_m,sweref99tm_easting_m,sweref99tm_northing_m,distance_to_track_m,registry_updated_date
0,0980-V-006-001,57.83513773,18.81901500,26.812,-703.413,-11.695,-68.901,55.00,47.00,43.305,66.805,Vestas,V47-660kw,0.66,78.00,726702.770,6416755.260,30.91,2019-09-09
1,0980-V-006-002,57.83500575,18.82456238,34.274,-373.875,-4.233,-83.645,55.00,47.00,50.767,74.267,Vestas,V47-660kw,0.66,78.00,727032.690,6416759.190,96.93,2019-09-09
2,0980-V-006-003,57.83605038,18.82973680,38.148,-66.489,-0.359,32.684,55.00,47.00,54.641,78.141,Vestas,V47-660kw,0.66,78.00,727333.070,6416892.760,51.00,2019-09-09
3,0980-V-006-004,57.83734771,18.83447803,40.036,215.146,1.529,177.180,55.00,47.00,56.529,80.029,Vestas,V47-660kw,0.66,78.00,727606.140,6417053.000,53.64,2019-09-09
4,0980-V-006-005,57.83834014,18.83956443,41.334,517.267,2.826,287.738,55.00,47.00,57.826,81.326,Vestas,V47-660kw,0.66,78.00,727901.590,6417180.510,52.00,2019-09-09
5,0980-V-006-006,57.83798280,18.84511016,34.791,846.687,-3.716,247.996,55.00,47.00,51.284,74.784,Vestas,V47-660kw,0.66,78.00,728232.810,6417159.470,245.86,2019-09-09
6,0980-V-006-007,57.83991059,18.84414378,34.075,789.243,-4.432,462.691,78.00,66.00,73.568,106.568,Vestas,V66-1.75,1.75,111.00,728163.290,6417370.620,131.15,2019-09-09
7,0980-V-006-008,57.84087449,18.83539749,36.814,269.736,-1.694,569.977,78.00,66.00,76.306,109.306,Vestas,V66-1.75,1.75,111.00,727638.420,6417448.350,87.69,2019-09-09
8,0980-V-006-009,57.83905779,18.83133661,35.340,28.542,-3.168,367.633,78.00,66.00,74.832,107.832,Vestas,V66-1.75,1.75,111.00,727409.010,6417232.630,32.59,2019-09-09
9,0980-V-006-012,57.82990793,18.83238256,37.601,90.692,-0.906,-651.429,105.00,90.00,104.094,149.094,Vestas,V90-2.0,2.00,150.00,727528.760,6416218.480,533.64,2019-09-09
10,0980-V-006-014,57.83276142,18.84548350,37.408,868.989,-1.100,-333.530,105.00,90.00,103.900,148.900,Vestas,V90-2.0,2.00,150.00,728288.000,6416580.000,568.51,2019-09-09
11,0980-V-057-001,57.82703708,18.82340216,36.141,-442.895,-2.366,-971.145,105.00,90.00,102.634,147.634,Vestas,V90-2.0,2.00,150.00,727014.000,6415869.000,580.10,
